filename,company_code,prod_code,prod_name,date,AUM,manager_name,bank
ACE_FFTFH003.pdf,ACE,FFTFH003,安達人壽全權委託復華投信代操全球贏新投資組合 -累積投資帳戶 ,2022-05-31,61000000.00,簡沄宜,Bank NF
ACE_FFTFH004.pdf,ACE,FFTFH004,安達人壽全權委託復華投信代操全球贏新投資組合 -月撥回 (現金 ),2022-05-31,308000000.00,簡沄宜,Bank NF
ACE_FFTKG001.pdf,ACE,FFTKG001,須依安達人壽全權委託管理帳戶相關規定辦理,2022-05-31,AUM NF,許書銘,Bank NF
ACE_FFUBR007.pdf,ACE,FFUBR007,資委託人安達人壽,2022-05-31,930000.00,紀晶心,臺灣中小企業銀行股份有限公司
ACE_FFUBR008.pdf,ACE,FFUBR008,資委託人安達人壽,2022-05-31,2440000.00,紀晶心,臺灣中小企業銀行股份有限公司
ACE_FFUBR011.pdf,ACE,FFUBR011,資委託人安達人壽,2022-05-31,53710000.00,黃家珍,台新國際商業銀行
ACE_FFUBR012.pdf,ACE,FFUBR012,資委託人安達人壽,2022-05-31,53710000.00,黃家珍,台新國際商業銀行
ACE_FFUCB005.pdf,ACE,FFUCB005,安達人壽全權委託中國信託投信代操,2022-05-31,131470000.00,MngName NF,Bank NF
ACE_FFUCB006.pdf,ACE,FFUCB006,ProdName NF,2022-05-31,835450000.00,許健忠,Bank NF
ACE_FFUCB015.pdf,ACE,FFUCB015,安達人壽全權委託中國信託投信代操,2022-05-31,46490000.00,MngName NF,Bank NF
ACE_FFUCB016.pdf,ACE,FFUCB016,安達人壽全權委託中國信託投信代操,2022-05-31,103820000.00,MngName NF,Bank NF
ACE_FFUFH001.pdf,ACE,FFUFH001,安達人壽全權委託復華投信代操戰略贏家投資組合 -累積投資帳戶 ,2022-05-31,15670000.00,蔡其佐,Bank NF
ACE_FFUFH002.pdf,ACE,FFUFH002,安達人壽全權委託復華投信代操戰略贏家投資組合 -月撥回 (現金 ),2022-05-31,65440000.00,蔡其佐,Bank NF
ACE_FFUFT001.pdf,ACE,FFUFT001,安達人壽全權委託富蘭克林華美投信投資帳戶-犇騰積極組合,2022-05-31,9321919,褚國廷,花旗台北
ACE_FFUFT002.pdf,ACE,FFUFT002,安達人壽全權委託富蘭克林華美投信投資帳戶-鑫富穩健組合,2022-05-31,1447587,褚國廷,花旗台北
ACE_FFUFT003.pdf,ACE,FFUFT003,安達人壽全權委託富蘭克林華美投信投資帳戶-鑫富穩健組合,2022-05-31,1447587,褚國廷,花旗台北
ACE_FFUFT004.pdf,ACE,FFUFT004,ProdName NF,2022-05-31,177709,MngName NF,Bank NF
ACE_FFUFT005.pdf,ACE,FFUFT005,ProdName NF,2022-05-31,85796,MngName NF,Bank NF
ACE_FFUFT006.pdf,ACE,FFUFT006,ProdName NF,2022-05-31,246779,MngName NF,Bank NF
ACE_FFUFT007.pdf,ACE,FFUFT007,ProdName NF,2022-05-31,421104,MngName NF,Bank NF
ACE_FFUFT008.pdf,ACE,FFUFT008,ProdName NF,2022-05-31,454862,MngName NF,Bank NF
ACE_FFUFT009.pdf,ACE,FFUFT009,ProdName NF,2022-05-31,346203,MngName NF,Bank NF
ACE_FFUFT010.pdf,ACE,FFUFT010,ProdName NF,2022-05-31,445007,MngName NF,Bank NF
ACE_FFUFT011.pdf,ACE,FFUFT011,ProdName NF,2022-05-31,775624,MngName NF,Bank NF
ACE_FFUFT012.pdf,ACE,FFUFT012,ProdName NF,2022-05-31,49080,MngName NF,Bank NF
ACE_FFUFT013.pdf,ACE,FFUFT013,安達人壽全權委託富蘭克林華美投信點時成金投資帳戶,2022-05-31,264105,褚國廷,花旗台北
ACE_FFUMG001.pdf,ACE,FFUMG001,ProdName NF,2022-05-31,15176000.0,MngName NF,Bank NF
ACE_FFUMG002.pdf,ACE,FFUMG002,ProdName NF,2022-05-31,15176000.0,MngName NF,Bank NF
ACE_FFUPC018.pdf,ACE,FFUPC018,安達人壽全權委託,2022-05-31,39410000.00,郭建良,台新國際商業銀行
ACE_FFUPM013.pdf,ACE,FFUPM013,安達人壽全權委託統一投顧代操致富未來投資帳戶,2022-05-31,30245753.40,梁峻源,Bank NF
ACE_FFUPM014.pdf,ACE,FFUPM014,安達人壽全權委託統一投顧代操致富未來投資帳戶 -月撥回 (現金),2022-05-31,13220772.05,梁峻源,Bank NF
ACE_FFUPM017.pdf,ACE,FFUPM017,安達人壽全權委託統一投顧代操創新七雄投資帳戶,2022-05-31,3583810.66,梁峻源,Bank NF
ACE_FFUTC001.pdf,ACE,FFUTC001,ProdName NF,2022-05-31,3550000.00,何鴻聖,Bank NF
ACE_FFUTC002.pdf,ACE,FFUTC002,ProdName NF,2022-05-31,3550000.00,何鴻聖,Bank NF
ACE_FFUTN003.pdf,ACE,FFUTN003,安達人壽享利88投資帳戶 (委託華南永昌投信運用操作),2022-05-31,5064845.41,余政民,陽信銀行
ACE_FFUTN004.pdf,ACE,FFUTN004,安達人壽享利88投資帳戶 (委託華南永昌投信運用操作),2022-05-31,5064845.41,余政民,陽信銀行
ACE_FFUTS001.pdf,ACE,FFUTS001,安達人壽全權委託台新投信代操美歐戰略價值投資組合-累積投資帳戶,2022-05-31,11140000,邱櫂詮,花旗(台灣)商業銀行營業部
ACE_FFUTS002.pdf,ACE,FFUTS002,安達人壽全權委託台新投信代操美歐戰略價值投資組合-月撥回(現金),2022-05-31,30190000,邱櫂詮,花旗(台灣)商業銀行營業部
ACE_FFUTS003.pdf,ACE,FFUTS003,安達人壽全權委託台新投信代操智能戰略投資組合-累積投資帳戶,2022-05-31,1510000,邱櫂詮,花旗(台灣)商業銀行營業部
ACE_FFUTS004.pdf,ACE,FFUTS004,安達人壽全權委託台新投信代操智能戰略投資組合-月撥回(現金),2022-05-31,5800000,邱櫂詮,花旗(台灣)商業銀行營業部
ACE_FFUTS009.pdf,ACE,FFUTS009,安達人壽全權委託台新投信代操TS戰略投資組合-累積投資帳戶,2022-05-31,3460000,邱櫂詮,花旗(台灣)商業銀行營業部
ACE_FFUTS010.pdf,ACE,FFUTS010,安達人壽全權委託台新投信代操TS戰略投資組合-月撥回投資帳戶,2022-05-31,7210000,邱櫂詮,花旗(台灣)商業銀行營業部
ACE_FFUYT001.pdf,ACE,FFUYT001,安達人壽神機妙算I投資帳戶 (委託華南永昌投信運用操作),2022-05-31,13375450.02,余政民,元大銀行
ACE_FFUYT002.pdf,ACE,FFUYT002,安達人壽神機妙算I投資帳戶 (委託華南永昌投信運用操作),2022-05-31,13375450.02,余政民,元大銀行
AIA_FD01_1.pdf,AIA,FD01_1,ProdName NF,2022-05-31,921312,李欣展,花旗(台灣)銀行
Allianz_AUDMD0010.pdf,Allianz,AUDMD0010,安聯人壽委託富蘭克林華美投信投資帳戶_精選收益型(月撥回),2022-05-31,21419140,張家智,臺灣企銀
Allianz_AUDMD0020.pdf,Allianz,AUDMD0020,安聯人壽委託聯博投信投資帳戶-多重成長收益-澳元(月撥回資產),2022-05-31,86000000.00,陳怡君,玉山商業銀行
Allianz_NTDMD0010.pdf,Allianz,NTDMD0010,安聯人壽委託聯博投信投資帳戶-台幣多重成長收益(月撥回資產),2022-05-31,602000000.00,陳怡君,玉山商業銀行
Allianz_NTDMD0020.pdf,Allianz,NTDMD0020,安聯人壽委託安聯投信投資帳戶,2022-05-31,8983000000,蔡正元,遠東國際商業銀行
Allianz_NTDMD0030.pdf,Allianz,NTDMD0030,安聯人壽委託富蘭克林華美投信投資帳戶_新臺幣多元收益(月撥回),2022-05-31,1374311917,黃媺雯,土地銀行
Allianz_NTDMD0040.pdf,Allianz,NTDMD0040,安聯人壽委託群益投信投資帳戶-月月豐收(月撥回),2022-05-31,704000000.00,葉啟芳,玉山商業銀行
Allianz_NTDMD0060.pdf,Allianz,NTDMD0060,安聯人壽委託安聯投信投資帳戶,2022-05-31,332000000,陳信逢,花旗(台灣)商業銀行
Allianz_NTDMD0070.pdf,Allianz,NTDMD0070,安聯人壽委託復華投信投資帳戶 -台幣環球股債均衡組合 (雙月撥回),2022-05-31,483000000.00,許家瑝,遠東國際商業銀行
Allianz_NTDMD0090.pdf,Allianz,NTDMD0090,安聯人壽委託柏瑞投信投資帳戶 -月,2022-05-31,920000000.00,MngName NF,玉山商業銀行
Allianz_NTDMD0100.pdf,Allianz,NTDMD0100,安聯人壽委託群益投信投資帳戶-台幣環球股債收益組合(雙月撥回),2022-05-31,228000000.00,朱哲均,遠東國際商業銀行
Allianz_NTDMD0110.pdf,Allianz,NTDMD0110,安聯人壽委託帳戶,2022-05-31,1003000000.00,陳韋翰,玉山商業銀行
Allianz_NTDMD0120.pdf,Allianz,NTDMD0120,ProdName NF,2022-05-31,886000000.00,葉金江,玉山商業銀行
Allianz_NTDMD0130.pdf,Allianz,NTDMD0130,安聯人壽委託復華投信投資帳戶 -豐收得利 2(月撥回資產 ),2022-05-31,1785000000.00,王品昕,永豐商業銀行
Allianz_USDMD0010.pdf,Allianz,USDMD0010,安聯人壽委託富蘭克林華美投信投資帳戶-安穩收益型(月撥回資產),2022-05-31,1112999,張家智,花旗台北
Allianz_USDMD0030.pdf,Allianz,USDMD0030,安聯人壽委託摩根投信投資帳戶-雙重平衡(月撥回資產),2022-05-31,88580000.00,鄭宇淳,玉山商業銀行
Allianz_USDMD0040.pdf,Allianz,USDMD0040,安聯人壽委託富蘭克林華美投信投資帳戶-穩健成長型(月撥回資產),2022-05-31,100070218,石宗民,花旗台北
Allianz_USDMD0050.pdf,Allianz,USDMD0050,安聯人壽委託安聯投信投資帳戶,2022-05-31,8000000,蔡正元,花旗(台灣)商業銀行
Allianz_USDMD0060.pdf,Allianz,USDMD0060,安聯人壽委託富蘭克林華美投信投資帳戶_精選收益型(月撥回),2022-05-31,27211294,張家智,臺灣企銀
Allianz_USDMD0070.pdf,Allianz,USDMD0070,安聯人壽委託聯博投信投資帳戶-多重成長收益-美元(月撥回資產),2022-05-31,59000000.00,陳怡君,玉山商業銀行
Allianz_USDMD0080.pdf,Allianz,USDMD0080,安聯人壽委託元大投信投資帳戶 -全球 ETF收益組合 (月撥回 ),2022-05-31,2300000.00,王紹宇,花旗(台灣)商業銀行
Allianz_USDMD0090.pdf,Allianz,USDMD0090,安聯人壽委託富蘭克林華美投信投資帳戶_美元多元收益(月撥回),2022-05-31,35702820,謝濟帆,土地銀行
Allianz_USDMD0100.pdf,Allianz,USDMD0100,人壽委託帳戶,2022-05-31,168000000.00,陳秀宜,玉山
Allianz_USDMD0110.pdf,Allianz,USDMD0110,安聯人壽委託富蘭克林華美投信投資帳戶-美元環球股債均衡組合(月撥回資產),2022-05-31,25120779,謝濟帆,遠東銀行
Allianz_USDMD0120.pdf,Allianz,USDMD0120,安聯人壽委託安聯投信投資帳戶-環球策略收益組合(月撥回資產),2022-05-31,11000000,鄭宇廷,花旗(台灣)商業銀行
Allianz_USDMD0130.pdf,Allianz,USDMD0130,安聯人壽委託安聯投信投資帳戶,2022-05-31,6000000,林季潔,花旗(台灣)商業銀行
Allianz_USDMD0140.pdf,Allianz,USDMD0140,安聯人壽委託復華投信投資帳戶 -美元環球股債均衡組合 (雙月撥回 ),2022-05-31,27010000.00,許家瑝,遠東國際商業銀行
Allianz_USDMD0150.pdf,Allianz,USDMD0150,安聯人壽委託帳戶,2022-05-31,20490000.00,游恩慈,玉山商業銀行
Allianz_USDMD0160.pdf,Allianz,USDMD0160,安聯人壽委託聯博投信投資帳戶-環球利寶(月撥回資產),2022-05-31,68000000.00,陳怡君,玉山商業銀行
Allianz_USDMD0170.pdf,Allianz,USDMD0170,資安聯人壽委託群益投信投資帳戶-美元環球ETF股債收益組合(雙月撥回),2022-05-31,19870000.00,朱哲均,遠東國際商業銀行
Allianz_USDMD0180.pdf,Allianz,USDMD0180,安聯人壽委託復華投信投資帳戶 -環球精選 -美元 ,2022-05-31,5620000.00,許家瑝,凱基商業銀行
Allianz_USDMD0190.pdf,Allianz,USDMD0190,安聯人壽委託帳戶 ,2022-05-31,42000000.00,謝明勳,玉山
Allianz_USDMD0200.pdf,Allianz,USDMD0200,ProdName NF,2022-05-31,53310000.00,許家禎,玉山銀行
Allianz_USDMD0210.pdf,Allianz,USDMD0210,安聯人壽委託柏瑞投信投資帳戶 -金特別 (月撥回資產 ),2022-05-31,25570000.00,MngName NF,玉山商業銀行
Allianz_USDMD0220.pdf,Allianz,USDMD0220,安聯人壽委託鋒裕匯理投信投資帳戶 -樂享悠活 ,2022-05-31,21500000.0,劉佳雨,玉山銀行
Allianz_USDMD0230.pdf,Allianz,USDMD0230,安聯人壽委託帳戶,2022-05-31,35130000.00,劉蓓珊,玉山商業銀行
Allianz_USDMD0240.pdf,Allianz,USDMD0240,安聯人壽委託聯博投信投資帳戶-豐收得利(月撥回資產),2022-05-31,220000000.00,陳怡君,永豐商業銀行
Allianz_USDMD0250.pdf,Allianz,USDMD0250,安聯人壽委託安聯投信投資帳戶,2022-05-31,116000000,林季潔,玉山銀行
Allianz_USDMD0250P.pdf,Allianz,USDMD0250P,安聯人壽委託安聯投信投資帳戶,2022-05-31,3733600.0000,林季潔,玉山銀行
Allianz_USDMD0250X.pdf,Allianz,USDMD0250X,安聯人壽委託安聯投信投資帳戶,2022-05-31,116000000,林季潔,玉山銀行
Allianz_USDMD0260.pdf,Allianz,USDMD0260,安聯人壽委託帳戶 ,2022-05-31,28000000.00,謝明勳,玉山
Allianz_USDMD0270.pdf,Allianz,USDMD0270,ProdName NF,2022-05-31,11640000.00,黃銘功,玉山銀行
Allianz_USDMD0280.pdf,Allianz,USDMD0280,安聯人壽委託帳戶,2022-05-31,47270000.00,郭建良,兆豐國際商業銀行
Allianz_USDMD0290.pdf,Allianz,USDMD0290,安聯人壽委託摩根投信投資帳戶-豐收亨利(月撥回資產),2022-05-31,298470000.00,楊謹嘉,永豐銀行
Allianz_USDMD0290P_1.pdf,Allianz,USDMD0290P_1,安聯人壽委託摩根投信投資帳戶-豐收亨利PLUS (月撥回資產),2022-05-31,94770000.00,楊謹嘉,永豐銀行
Allianz_USDMD0290X.pdf,Allianz,USDMD0290X,安聯人壽委託摩根投信投資帳戶-豐收亨利(月撥回資產),2022-05-31,298470000.00,楊謹嘉,永豐銀行
Allianz_USDMD0300.pdf,Allianz,USDMD0300,安聯人壽委託帳戶 ,2022-05-31,115000000.00,陳秀宜,中國信託
Allianz_USDMD0300X.pdf,Allianz,USDMD0300X,安聯人壽委託帳戶 ,2022-05-31,115000000.00,陳秀宜,中國信託
Allianz_USDMD0320.pdf,Allianz,USDMD0320,ProdName NF,Date NF,AUM NF,MngName NF,Bank NF
AVIVA_FF90.pdf,AVIVA,FF90,第一金人壽享利樂活平衡型投資帳戶 (委託富達投信運用操作 ),2022-05-31,52090000.00,MngName NF,第一商業銀行
AVIVA_FJ90.pdf,AVIVA,FJ90,第一金人壽委託摩根投信投資帳戶-多重入息平衡,2022-05-31,68200000.00,鄭宇淳,第一銀行
AVIVA_FK90.pdf,AVIVA,FK90,第一金人壽委託柏瑞投信投資帳戶 -動態特別收益投資帳戶 ,2022-05-31,26780000.00,MngName NF,Bank NF
AVIVA_FN90.pdf,AVIVA,FN90,ProdName NF,2022-05-31,AUM NF,MngName NF,Bank NF
AVIVA_FR90.pdf,AVIVA,FR90,第一金人壽全權委託富蘭克林華美投信投資帳戶-全球效率帳戶,2022-05-31,48168489,石宗民,第一銀行
AVIVA_FR91.pdf,AVIVA,FR91,第一金人壽全權委託富蘭克林華美投信投資帳戶-穩健收益帳戶,2022-05-31,1083495,林育弘,第一銀行
AVIVA_FR92.pdf,AVIVA,FR92,第一金人壽全權委託富蘭克林華美投信投資帳戶-特別收益ETF組合,2022-05-31,12013536,褚國廷,第一銀行
AVIVA_FW90.pdf,AVIVA,FW90,第一金人壽委託復華投信投資帳戶 -全球股債多重收益帳戶 (現金撥回 ),2022-05-31,333000000.00,張伊涵,Bank NF
AVIVA_FZ90.pdf,AVIVA,FZ90,第一金人壽全權委託宏利投信投資帳戶-中國人民幣效率帳戶,2022-05-31,227360000.00,鄭安杰,Bank NF
AVIVA_FZ91.pdf,AVIVA,FZ91,第一金人壽全權委託宏利投信投資帳戶-全球多重資產投資帳戶,2022-05-31,1123000.000,鄭安杰,Bank NF
BNPLife_DMA001.pdf,BNPLife,DMA001,ProdName NF,2022-05-31,18420000.00,洪雅新,Bank NF
BNPLife_DMA002.pdf,BNPLife,DMA002,ProdName NF,2022-05-31,18420000.00,洪雅新,Bank NF
BNPLife_DMA003.pdf,BNPLife,DMA003,法國巴黎人壽環球穩健投資帳戶(委託聯博投信運用操作),2022-05-31,174102017,陳怡君,彰化銀行
BNPLife_DMA004.pdf,BNPLife,DMA004,法國巴黎人壽環球穩健投資帳戶(委託聯博投信運用操作),2022-05-31,174102017,陳怡君,彰化銀行
BNPLife_DMA005.pdf,BNPLife,DMA005,法國巴黎人壽環球穩健投資帳戶(委託富蘭克林華美投信運用操作),2022-05-31,2126668,李欣展,彰化銀行
BNPLife_DMA006.pdf,BNPLife,DMA006,法國巴黎人壽環球穩健投資帳戶(委託富蘭克林華美投信運用操作),2022-05-31,2126668,李欣展,彰化銀行
BNPLife_DMA007.pdf,BNPLife,DMA007,法國巴黎人壽澳幣環球穩健投資帳戶(委託富蘭克林華美投信運用操作),2022-05-31,8075910,石宗民,日盛銀行
BNPLife_DMA008.pdf,BNPLife,DMA008,法國巴黎人壽澳幣環球穩健投資帳戶(委託富蘭克林華美投信運用操作),2022-05-31,8075910,石宗民,日盛銀行
BNPLife_DMA009.pdf,BNPLife,DMA009,法國巴黎人壽多重資產投資帳戶(委託富蘭克林華美投信運用操作),2022-05-31,30761564,褚國廷,兆豐國際商銀
BNPLife_DMA010.pdf,BNPLife,DMA010,法國巴黎人壽多重資產投資帳戶(委託富蘭克林華美投信運用操作),2022-05-31,30761564,褚國廷,兆豐國際商銀
BNPLife_DMA011.pdf,BNPLife,DMA011,法國巴黎人壽環球成長投資帳戶(委託富蘭克林華美投信運用操作),2022-05-31,36384096,黃媺雯,華南銀行
BNPLife_DMA012.pdf,BNPLife,DMA012,法國巴黎人壽環球成長投資帳戶(委託富蘭克林華美投信運用操作),2022-05-31,36384096,黃媺雯,華南銀行
BNPLife_DMA015.pdf,BNPLife,DMA015,法國巴黎人壽環球穩健投資帳戶 (委託富達投信運用操作 ),2022-05-31,4980000.00,洪翠霞,元大商業銀行
BNPLife_DMA016.pdf,BNPLife,DMA016,法國巴黎人壽環球穩健投資帳戶 (委託富達投信運用操作 ),2022-05-31,4980000.00,洪翠霞,元大商業銀行
BNPLife_DMA017.pdf,BNPLife,DMA017,法國巴黎人壽 A+富達精選投資帳戶 (委託富達投信運用操作 ),2022-05-31,17320000.00,洪翠霞,兆豐國際商業銀行
BNPLife_DMA018.pdf,BNPLife,DMA018,法國巴黎人壽 A+富達精選投資帳戶 (委託富達投信運用操作 ),2022-05-31,17320000.00,洪翠霞,兆豐國際商業銀行
BNPLife_DMA019.pdf,BNPLife,DMA019,法國巴黎人壽環球穩健投資帳戶 (委託新光投信運用操作 ),2022-05-31,1070000.00,孫光政,Bank NF
BNPLife_DMA020.pdf,BNPLife,DMA020,法國巴黎人壽環球穩健投資帳戶 (委託新光投信運用操作 ),2022-05-31,1070000.00,孫光政,Bank NF
BNPLife_DMA023.pdf,BNPLife,DMA023,法國巴黎人壽金采收益投資帳戶 (委託富達投信運用操作 ),2022-05-31,15450000.00,洪翠霞,第一商業銀行
BNPLife_DMA024.pdf,BNPLife,DMA024,法國巴黎人壽金采收益投資帳戶 (委託富達投信運用操作 ),2022-05-31,15450000.00,洪翠霞,第一商業銀行
BNPLife_DMA027.pdf,BNPLife,DMA027,法國巴黎人壽美亞多元入息投資帳戶 (委託富達投信運用操作 ),2022-05-31,13570000.00,洪翠霞,華南商業銀行
BNPLife_DMA028.pdf,BNPLife,DMA028,法國巴黎人壽美亞多元入息投資帳戶 (委託富達投信運用操作 ),2022-05-31,13570000.00,洪翠霞,華南商業銀行
BNPLife_DMA029.pdf,BNPLife,DMA029,法國巴黎人壽新臺幣環球成長投資帳戶(委託富蘭克林華美投信運用操作),2022-05-31,1501034509,謝濟帆,臺灣企銀
BNPLife_DMA030.pdf,BNPLife,DMA030,法國巴黎人壽新臺幣環球成長投資帳戶(委託富蘭克林華美投信運用操作),2022-05-31,1501034509,謝濟帆,臺灣企銀
BNPLife_DMA039.pdf,BNPLife,DMA039,ProdName NF,2022-05-31,2860000.00,游恩慈,中國信託商業銀行
BNPLife_DMA040.pdf,BNPLife,DMA040,ProdName NF,2022-05-31,2860000.00,游恩慈,中國信託商業銀行
BNPLife_DMA041.pdf,BNPLife,DMA041,法國巴黎人壽新臺幣全球精選組合投資帳戶 (委託元大投信 運用操作 ),2022-05-31,244000000.00,廖中維,元大商業銀行
BNPLife_DMA042.pdf,BNPLife,DMA042,法國巴黎人壽新臺幣全球精選組合投資帳戶 (委託元大投信 運用操作 ),2022-05-31,244000000.00,廖中維,元大商業銀行
BNPLife_DMA045.pdf,BNPLife,DMA045,法國巴黎人壽全球動態投資帳戶 (委託華南永昌投信運用操作),2022-05-31,466599.48,余政民,華南銀行
BNPLife_DMA046.pdf,BNPLife,DMA046,法國巴黎人壽全球動態投資帳戶 (委託華南永昌投信運用操作),2022-05-31,466599.48,余政民,華南銀行
BNPLife_DMA047.pdf,BNPLife,DMA047,法國巴黎人壽趨勢創新投資帳戶 (委託富達投信運用操作 ),2022-05-31,9160000.00,MngName NF,第一商業銀行
BNPLife_DMA048.pdf,BNPLife,DMA048,法國巴黎人壽趨勢創新投資帳戶 (委託富達投信運用操作 ),2022-05-31,2440000.00,MngName NF,第一商業銀行
BNPLife_DMA049.pdf,BNPLife,DMA049,法國巴黎人壽全球智能 ETF投資帳戶 (委託元大投信運用操作 ),2022-05-31,11414500.00,王紹宇,彰化銀行
BNPLife_DMA050.pdf,BNPLife,DMA050,法國巴黎人壽全球智能 ETF投資帳戶 (委託元大投信運用操作 ),2022-05-31,11414500.00,王紹宇,彰化銀行
BNPLife_DMA051.pdf,BNPLife,DMA051,法國巴黎人壽新臺幣環球穩健投資帳戶(委託安聯投信運用操作),2022-05-31,136000000,蔡正元,凱基銀行
BNPLife_DMA052.pdf,BNPLife,DMA052,法國巴黎人壽新臺幣台灣新益投資帳戶 (委託復華投信運用操作 ),2022-05-31,927000000.00,簡沄宜,Bank NF
BNPLife_DMA053.pdf,BNPLife,DMA053,法國巴黎人壽新臺幣台灣新益投資帳戶 (委託復華投信運用操作 ),2022-05-31,138000000.00,簡沄宜,Bank NF
BNPLife_DMA054.pdf,BNPLife,DMA054,法國巴黎人壽價值收益投資帳戶 (委託新光投信運用操作 ),2022-05-31,12750000.00,孫光政,Bank NF
BNPLife_DMA055.pdf,BNPLife,DMA055,法國巴黎人壽價值收益投資帳戶 (委託新光投信運用操作 ),2022-05-31,12750000.00,孫光政,Bank NF
BNPLife_DMA056.pdf,BNPLife,DMA056,共3頁法國巴黎人壽新臺幣環球新益投資帳戶(委託聯博投信運用操作),2022-05-31,786614283,陳怡君,臺灣中小企業銀行
BNPLife_DMA057.pdf,BNPLife,DMA057,共3頁法國巴黎人壽新臺幣環球新益投資帳戶(委託聯博投信運用操作),2022-05-31,786614283,陳怡君,臺灣中小企業銀行
BNPLife_DMA058.pdf,BNPLife,DMA058,法巴人壽智慧收益投資帳戶委託安聯投信,2022-05-31,29000000,林季潔,華南銀行
BNPLife_DMA059.pdf,BNPLife,DMA059,法巴人壽智慧收益投資帳戶委託安聯投信,2022-05-31,29000000,林季潔,華南銀行
BNPLife_DMA060.pdf,BNPLife,DMA060,法國巴黎人壽 資帳戶,2022-05-31,18690000.00,MngName NF,Bank NF
BNPLife_DMA061.pdf,BNPLife,DMA061,法國巴黎人壽動態智慧 ETF投資帳戶,2022-05-31,2790000.00,MngName NF,Bank NF
BNPLife_DMA064.pdf,BNPLife,DMA064,法國巴黎人壽精選收益投資帳戶-月撥現(委託霸菱投顧運用操作),2022-05-31,99200000.00,黃家珍,彰化商業銀行
BNPLife_DMA065.pdf,BNPLife,DMA065,法國巴黎人壽精選收益投資帳戶-轉投入(委託霸菱投顧運用操作),2022-05-31,99200000.00,黃家珍,彰化商業銀行
BNPLife_DMA066.pdf,BNPLife,DMA066,法國巴黎人壽智動因子投資帳戶(委託台新投信運用操作),2022-05-31,8180000,邱櫂詮,台新國際商業銀行信託部
BNPLife_DMA067.pdf,BNPLife,DMA067,法國巴黎人壽智動因子投資帳戶(委託台新投信運用操作),2022-05-31,1670000,邱櫂詮,台新國際商業銀行信託部
BNPLife_DMA068.pdf,BNPLife,DMA068,法國巴黎人壽豐收富利投資帳戶(委託摩根投信運用操作),2022-05-31,367970000.00,楊若萱,永豐銀行
BNPLife_DMA069.pdf,BNPLife,DMA069,法國巴黎人壽豐收富利投資帳戶(委託摩根投信運用操作),2022-05-31,367970000.00,楊若萱,永豐銀行
BNPLife_DMA070.pdf,BNPLife,DMA070,法國巴黎人壽資帳戶,2022-05-31,252760000.00,蔡佳如,Bank NF
BNPLife_DMA071.pdf,BNPLife,DMA071,法國巴黎人壽環球得利投資帳戶 (委託貝萊德投信運用操作 ),2022-05-31,814983302.74,陳秀宜,華南銀行
BNPLife_DMA072.pdf,BNPLife,DMA072,法國巴黎人壽環球得利投資帳戶 (委託貝萊德投信運用操作 ),2022-05-31,814983302.74,陳秀宜,華南銀行
BNPLife_DMA073.pdf,BNPLife,DMA073,法國巴黎 人壽特別優利投資帳戶 (委託柏瑞投信運用操作 ),Date NF,23110000.00,方奕翔,台新銀行
BNPLife_DMA074.pdf,BNPLife,DMA074,法國巴黎 人壽特別優利投資帳戶 (委託柏瑞投信運用操作 ),Date NF,23110000.00,方奕翔,台新銀行
BNPLife_DMA075.pdf,BNPLife,DMA075,法國巴黎人壽優利滿滿投資帳戶-月撥現(委託霸菱投顧運用操作),2022-05-31,86830000.00,黃家珍,元大商業銀行
BNPLife_DMA076.pdf,BNPLife,DMA076,法國巴黎人壽優利滿滿投資帳戶-轉投入(委託霸菱投顧運用操作),2022-05-31,86830000.00,黃家珍,元大商業銀行
BNPLife_DMA077.pdf,BNPLife,DMA077,法國巴黎人壽美歐價值投資帳戶(委託台新投信運用操作),2022-05-31,38950000,邱櫂詮,台新國際商業銀行信託部
BNPLife_DMA078.pdf,BNPLife,DMA078,法國巴黎人壽美歐價值投資帳戶(委託台新投信運用操作),2022-05-31,15830000,邱櫂詮,台新國際商業銀行信託部
BNPLife_DMA079.pdf,BNPLife,DMA079,法國巴黎人壽P85安全網投資帳戶(委託台新投信運用操作),2022-05-31,43070000,MngName NF,兆豐國際商業銀行國外部
BNPLife_DMA080.pdf,BNPLife,DMA080,法國巴黎人壽 創新趨勢穩健 投資帳戶 (委託元大投信 運用操作 ),2022-05-31,1021000000.00,王紹宇,元大商業銀行
BNPLife_DMA081.pdf,BNPLife,DMA081,法國巴黎人壽 創新趨勢穩健 投資帳戶 (委託元大投信 運用操作 ),2022-05-31,1021000000.00,王紹宇,元大商業銀行
BNPLife_DMA082.pdf,BNPLife,DMA082,ProdName NF,Date NF,AUM NF,MngName NF,Bank NF
BNPLife_DMA083.pdf,BNPLife,DMA083,法國巴黎人壽新臺幣台灣金贊投資帳戶（委託台新投信運用操作）-月撥現,2022-05-31,628180000,邱櫂詮,台新國際商業銀行信託部
BNPLife_DMA084.pdf,BNPLife,DMA084,法國巴黎人壽新臺幣台灣金贊投資帳戶（委託台新投信運用操作）-累積,2022-05-31,278890000,邱櫂詮,台新國際商業銀行信託部
BNPLife_DMA085.pdf,BNPLife,DMA085,法國巴黎人壽永續佳利投資帳戶-月撥現(委託霸菱投顧運用操作),2022-05-31,105920000.00,黃家珍,台新國際商業銀行
BNPLife_DMA086.pdf,BNPLife,DMA086,法國巴黎人壽永續佳利投資帳戶-轉投入(委託霸菱投顧運用操作),2022-05-31,105920000.00,黃家珍,台新國際商業銀行
BNPLife_DMA087.pdf,BNPLife,DMA087,法國巴黎人壽豐收富利2主題趨勢ESG投資帳戶(委託安聯投信運用操作),2022-05-31,151000000,黃詩琴,永豐銀行
BNPLife_DMA088.pdf,BNPLife,DMA088,法國巴黎人壽豐收富利2主題趨勢ESG投資帳戶(委託安聯投信運用操作),2022-05-31,151000000,黃詩琴,永豐銀行
BNPLife_DMA091.pdf,BNPLife,DMA091,法國巴黎人壽機憩理財投資帳戶 (委託永豐投信操作 ),2022-05-31,2642900.00,胡純嘉,Bank NF
BNPLife_DMA092.pdf,BNPLife,DMA092,ProdName NF,2022-05-31,58810000.00,丁唯軒,兆豐銀行
BNPLife_DMA093.pdf,BNPLife,DMA093,ProdName NF,2022-05-31,58810000.00,丁唯軒,兆豐銀行
BNPLife_DMA094.pdf,BNPLife,DMA094,黎人壽委託帳戶用 ,2022-05-31,85106726.94,謝明勳,彰化銀行
BNPLife_DMA095.pdf,BNPLife,DMA095,黎人壽委託帳戶用 ,2022-05-31,85106726.94,謝明勳,彰化銀行
BNPLife_DMA096.pdf,BNPLife,DMA096,ProdName NF,2022-05-31,23970000.00,MngName NF,上海商銀
BNPLife_DMA097.pdf,BNPLife,DMA097,ProdName NF,2022-05-31,23970000.00,MngName NF,上海商銀
BNPLife_DMA098.pdf,BNPLife,DMA098,法國巴黎人壽委託施羅德投信投資帳戶-創新升級,2022-05-31,128700000.00,陳雅真,華南銀行
BNPLife_DMA099.pdf,BNPLife,DMA099,法國巴黎人壽委託施羅德投信投資帳戶-創新升級,2022-05-31,128700000.00,陳雅真,華南銀行
CathayLife_ABA011.pdf,CathayLife,ABA011,國泰人壽委託聯博投信投資帳戶,2022-05-31,153000000,陳煒勲,國泰世華銀行
CathayLife_ABA015.pdf,CathayLife,ABA015,國泰人壽委託聯博投信投資帳戶,2022-05-31,153000000,陳煒勲,國泰世華銀行
CathayLife_ABU028.pdf,CathayLife,ABU028,國泰人壽委託聯博投信投資帳戶收益,2022-05-31,188000000,陳煒勲,國泰世華銀行
CathayLife_ABU036.pdf,CathayLife,ABU036,本資國泰人壽委託聯博投信投資帳戶全資產收益,2022-05-31,448000000,陳煒勲,國泰世華銀行
CathayLife_ABU037.pdf,CathayLife,ABU037,本資國泰人壽委託聯博投信投資帳戶全資產收益,2022-05-31,448000000,陳煒勲,國泰世華銀行
CathayLife_ABU038.pdf,CathayLife,ABU038,國泰人壽委託聯博投信投資帳戶全收益,2022-05-31,3854000000.00,陳煒勲,國泰世華銀行
CathayLife_ABU041.pdf,CathayLife,ABU041,國泰人壽委託聯博投信投資帳戶全收益,2022-05-31,3854000000.00,陳煒勲,國泰世華銀行
CathayLife_ABU046.pdf,CathayLife,ABU046,國泰人壽委託聯博投信投資帳戶聯金撥回,2022-05-31,861000000,陳煒勲,國泰世華銀行
CathayLife_ABU051.pdf,CathayLife,ABU051,國泰人壽委託聯博投信投資帳戶,2022-05-31,110000000,陳煒勲,國泰世華銀行
CathayLife_ABU052.pdf,CathayLife,ABU052,國泰人壽委託聯博投信投資帳戶,2022-05-31,110000000,陳煒勲,國泰世華銀行
CathayLife_ABU055.pdf,CathayLife,ABU055,國泰人壽委託聯博投信投資帳戶聯金撥回,2022-05-31,AUM NF,陳煒勲,國泰世華銀行
CathayLife_ABU057.pdf,CathayLife,ABU057,國泰人壽委託聯博投信投資帳戶聯金撥回,2022-05-31,861000000,陳煒勲,國泰世華銀行
CathayLife_ABU058.pdf,CathayLife,ABU058,國泰人壽委託聯博投信投資帳戶金撥回,2022-05-31,110000000,陳煒勲,國泰世華銀行
CathayLife_ACA001.pdf,CathayLife,ACA001,ProdName NF,2022-05-31,51700000.00,林庭妤,國泰世華銀行
CathayLife_ACA002.pdf,CathayLife,ACA002,ProdName NF,2022-05-31,290000.00,丁唯軒,國泰世華銀行
CathayLife_ACA002_1.pdf,CathayLife,ACA002_1,ProdName NF,2022-05-31,51700000.00,林庭妤,國泰世華銀行
CathayLife_ACT041.pdf,CathayLife,ACT041,國泰 人壽委託國泰投信投資帳戶 泰享利 (台幣),2022-05-31,8639420000.00,丁唯軒,國泰世華銀行
CathayLife_ACT042.pdf,CathayLife,ACT042,國泰 人壽委託國泰投信投資帳戶 泰享利 (台幣),2022-05-31,8639420000.00,丁唯軒,國泰世華銀行
CathayLife_ACU001.pdf,CathayLife,ACU001,ProdName NF,2022-05-31,1110000.00,丁唯軒,國泰世華銀行
CathayLife_ACU002.pdf,CathayLife,ACU002,ProdName NF,2022-05-31,290000.00,丁唯軒,國泰世華銀行
CathayLife_ACU003.pdf,CathayLife,ACU003,ProdName NF,2022-05-31,1240000.00,丁唯軒,國泰世華銀行
CathayLife_ACU004.pdf,CathayLife,ACU004,ProdName NF,2022-05-31,304410000.00,林庭妤,國泰世華銀行
CathayLife_ACU005.pdf,CathayLife,ACU005,ProdName NF,2022-05-31,304410000.00,林庭妤,國泰世華銀行
CathayLife_ACU006.pdf,CathayLife,ACU006,ProdName NF,2022-05-31,4084000000.00,粘逸尊,國泰世華銀行
CathayLife_ACU007.pdf,CathayLife,ACU007,ProdName NF,2022-05-31,979000000.00,廖維苡,國泰世華銀行
CathayLife_ACU008.pdf,CathayLife,ACU008,ProdName NF,2022-05-31,818300000.00,金潔妮,國泰世華銀行
CathayLife_ACU009.pdf,CathayLife,ACU009,ProdName NF,2022-05-31,979000000.00,廖維苡,國泰世華銀行
CathayLife_ACU010.pdf,CathayLife,ACU010,ProdName NF,2022-05-31,123380000.00,顏鴻倫,國泰世華銀行
CathayLife_ACU011.pdf,CathayLife,ACU011,ProdName NF,2022-05-31,123380000.00,顏鴻倫,國泰世華銀行
CathayLife_ACU012.pdf,CathayLife,ACU012,ProdName NF,2022-04-29,4051000000.00,粘逸尊,國泰世華銀行
CathayLife_ACU012_1.pdf,CathayLife,ACU012_1,ProdName NF,2022-05-31,4084000000.00,粘逸尊,國泰世華銀行
CathayLife_ACU013.pdf,CathayLife,ACU013,ProdName NF,2022-05-31,2380000.00,莊國偉,國泰世華銀行
CathayLife_ACU014.pdf,CathayLife,ACU014,ProdName NF,2022-05-31,4330000.00,顏鴻倫,國泰世華銀行
CathayLife_ACU015.pdf,CathayLife,ACU015,ProdName NF,2022-05-31,818300000.00,金潔妮,國泰世華銀行
CathayLife_ACU016.pdf,CathayLife,ACU016,國泰人壽委託國泰投信投資帳戶,2022-05-31,231870000.00,顏鴻倫,中國信託商業銀行
CathayLife_ACU017.pdf,CathayLife,ACU017,ProdName NF,2022-05-31,818300000.00,金潔妮,國泰世華銀行
CathayLife_ACU018.pdf,CathayLife,ACU018,ProdName NF,2022-05-31,123380000.00,官方製,國泰世華銀行
CathayLife_AFU042.pdf,CathayLife,AFU042,國泰人壽委託富達投信投資帳戶 -全天候入息型 (全權委託帳戶之資產撥回機制來源可,2022-05-31,47790000.00,MngName NF,國泰世華商業銀行
CathayLife_AFU043.pdf,CathayLife,AFU043,國泰人壽委託富達投信投資帳戶 -全天候入息型 (全權委託帳戶之資產撥回機制來源可,2022-05-31,47790000.00,MngName NF,國泰世華商業銀行
CathayLife_AIU001.pdf,CathayLife,AIU001,國泰人壽委託國泰投顧投資帳戶,2022-05-31,222970000.00,黃竣暘,國泰世華銀行
CathayLife_AIU002.pdf,CathayLife,AIU002,國泰人壽委託國泰投顧投資帳戶,2022-05-31,222970000.00,黃竣暘,國泰世華銀行
CathayLife_AMA006.pdf,CathayLife,AMA006,帳戶國泰人壽委託摩根投信投資帳戶-澳幣多重收益組合,2022-05-31,41550000.00,楊若萱,Bank NF
CathayLife_AMA007.pdf,CathayLife,AMA007,帳戶國泰人壽委託摩根投信投資帳戶-澳幣多重收益組合,2022-05-31,41550000.00,楊若萱,Bank NF
CathayLife_AMU047.pdf,CathayLife,AMU047,帳戶國泰人壽委託摩根投信投資帳戶用心收益平衡型,2022-05-31,185000000.0,楊若萱,國泰世華商業銀行
CathayLife_AMU048.pdf,CathayLife,AMU048,帳戶國泰人壽委託摩根投信投資帳戶用心收益平衡型,2022-05-31,185000000.0,楊若萱,國泰世華商業銀行
CathayLife_AMU051.pdf,CathayLife,AMU051,帳戶國泰人壽委託摩根投信投資帳戶 - 多重趨勢收益組合,2022-05-31,768600000.0,楊謹嘉,國泰世華銀行
CathayLife_AMU054.pdf,CathayLife,AMU054,帳戶國泰人壽委託摩根投信投資帳戶-全球前瞻組合,2022-05-31,515300000.0,楊謹嘉,國泰世華銀行
CathayLife_AMU057.pdf,CathayLife,AMU057,國泰人壽委託摩根投信投資帳戶-核心策略收益組合(現金撥回),2022-05-31,962660000.00,楊謹嘉,國泰世華銀行
CathayLife_AMU059.pdf,CathayLife,AMU059,帳戶國泰人壽委託摩根投信投資帳戶 - 多重趨勢收益組合,2022-05-31,768600000.0,楊謹嘉,國泰世華銀行
CathayLife_AMU060.pdf,CathayLife,AMU060,帳戶國泰人壽委託摩根投信投資帳戶-全球前瞻組合,2022-05-31,515300000.0,楊謹嘉,國泰世華銀行
CathayLife_AMU061.pdf,CathayLife,AMU061,國泰人壽委託摩根投信投資帳戶-多重幸福,2022-05-31,28300000.00,鄭宇淳,國泰世華商業銀行
CathayLife_AMU062.pdf,CathayLife,AMU062,國泰人壽委託摩根投信投資帳戶-多重幸福,2022-05-31,28300000.00,鄭宇淳,國泰世華商業銀行
CathayLife_AMU068.pdf,CathayLife,AMU068,帳戶國泰人壽委託摩根投信投資帳戶-核心策略收益組合(現金及單位撥回POWER),2022-05-31,962660000.00,楊謹嘉,國泰世華銀行
CathayLife_AWU017.pdf,CathayLife,AWU017,國泰人壽委託安聯投信投資帳戶-智慧收益組合 ,Date NF,18920000.00,黃詩琴,國泰世華銀行
CathayLife_AWU018.pdf,CathayLife,AWU018,國泰人壽委託安聯投信投資帳戶-智慧收益組合 ,Date NF,18920000.00,黃詩琴,國泰世華銀行
CathayLife_AWU021.pdf,CathayLife,AWU021,國泰人壽委託安聯投信投資帳戶 -全球鑫收益成長 ,2022-05-31,1279000000,鄭宇廷,國泰世華銀行
CathayLife_AWU022.pdf,CathayLife,AWU022,國泰人壽委託安聯投信投資帳戶 -全球鑫收益成長 ,2022-05-31,1279000000,鄭宇廷,國泰世華銀行
CathayLife_BRU034.pdf,CathayLife,BRU034,人壽委託帳戶 ,2022-05-31,16949176.62,陳秀宜,Bank NF
CathayLife_BRU061.pdf,CathayLife,BRU061,國泰人壽委託貝萊德投信投資帳戶 -成長收益型,2022-05-31,5257520.19,謝明勳,Bank NF
CathayLife_BRU066.pdf,CathayLife,BRU066,國泰人壽委託貝萊德投信投資帳戶 -鑫利收益型,2022-05-31,3782894.91,謝明勳,Bank NF
CathayLife_BRU067.pdf,CathayLife,BRU067,國泰人壽委託貝萊德投信投資帳戶 -鑫安穩健型,2022-05-31,2686551.85,陳秀宜,Bank NF
CathayLife_BSA007.pdf,CathayLife,BSA007,投資月報國泰人壽委託施羅德投信投資帳戶-澳幣雙平衡,2022-05-31,20670000.00,莊志祥,國泰世華商業銀行
CathayLife_BSA008.pdf,CathayLife,BSA008,投資月報國泰人壽委託施羅德投信投資帳戶-澳幣雙平衡,2022-05-31,20670000.00,莊志祥,國泰世華商業銀行
CathayLife_BSU029.pdf,CathayLife,BSU029,國泰人壽委託施羅德投信投資帳戶-股債收益平衡,2022-05-31,716190000.00,莊志祥,國泰世華商業銀行
CathayLife_BSU035.pdf,CathayLife,BSU035,國泰人壽委託施羅德投信投資帳戶-強積金成長累積型,2022-05-31,10690000.00,莊志祥,國泰世華商業銀行
CathayLife_BSU036.pdf,CathayLife,BSU036,國泰人壽委託施羅德投信投資帳戶-股債收益平衡,2022-05-31,716190000.00,莊志祥,國泰世華商業銀行
CathayLife_BSU039.pdf,CathayLife,BSU039,國泰人壽委託施羅德投信投資帳戶-多元資產成長增值,2022-05-31,733390000.00,莊志祥,國泰世華商業銀行
CathayLife_BSU040.pdf,CathayLife,BSU040,國泰人壽委託施羅德投信投資帳戶-多元資產成長增值,2022-05-31,733390000.00,莊志祥,國泰世華商業銀行
CathayLife_BSU045.pdf,CathayLife,BSU045,國泰人壽委託施羅德投信投資帳戶-進階智慧平衡型(現金撥回),2022-05-31,315100000.00,莊志祥,國泰世華商業銀行
CathayLife_BSU047_1.pdf,CathayLife,BSU047_1,國泰人壽委託施羅德投信投資帳戶－全球多元主動管理型,2022-05-31,16790000.00,莊志祥,國泰世華商業銀行
CathayLife_BSU048.pdf,CathayLife,BSU048,國泰人壽委託施羅德投信投資帳戶－全球多元主動管理型,2022-05-31,16790000.00,莊志祥,國泰世華商業銀行
CathayLife_BSU055.pdf,CathayLife,BSU055,投資月報國泰人壽委託施羅德投信投資帳戶-進階智慧平衡型(現金撥回POWER),2022-05-31,315100000.00,莊志祥,國泰世華商業銀行
CathayLife_BSU057.pdf,CathayLife,BSU057,投資月報國泰人壽委託施羅德投信投資帳戶-進階智慧平衡型(現金及單位撥回POWER),2022-05-31,315100000.00,莊志祥,國泰世華商業銀行
CathayLife_BSU058.pdf,CathayLife,BSU058,國泰人壽委託施羅德投信投資帳戶-強積金成長型(現金撥回),2022-05-31,10690000.00,莊志祥,國泰世華商業銀行
Chinalife_TF2C.pdf,Chinalife,TF2C,中國人壽委託國泰投信主流趨勢全權委託管理帳戶（美元）,2022-05-31,85910000.00,粘逸尊,花旗銀行
Chinalife_TF2W.pdf,Chinalife,TF2W,霸菱綠色趨勢全權委託管理帳戶-中國人壽中國人壽委託霸菱投顧代為運用與管理專設帳簿資產之投資型保單,2022-05-31,57680000.00,紀晶心,彰化商業銀行
Chinalife_TFFB.pdf,Chinalife,TFFB,富蘭克林華美委託管理帳中國人壽,2022-05-31,7411027,黃媺雯,花旗(台灣)銀行
Chinalife_TFFD.pdf,Chinalife,TFFD,中國人壽委託帳,2022-05-31,37960000.00,劉蓓珊,花旗(台灣)銀行
Chinalife_TFPI.pdf,Chinalife,TFPI,富蘭克林華美委託管理帳中國人壽,2022-05-31,989564,黃媺雯,花旗(台灣)銀行
Chinalife_TFPK.pdf,Chinalife,TFPK,元大中國委託管理帳 中國人壽  ,2022-05-31,910000.00,林忠義,元大商業銀行
Chinalife_TFSJ.pdf,Chinalife,TFSJ,中國人壽委託帳,2022-05-31,300480000.00,劉蓓珊,花旗(台灣)銀行
Chinalife_TFSO.pdf,Chinalife,TFSO,中國人壽委託帳,2022-05-31,591250000.00,劉蓓珊,花旗(台灣)銀行
Chinalife_TFSP.pdf,Chinalife,TFSP,霸菱月月穩盈全權委託管理帳戶-中國人壽中國人壽委託霸菱投顧代為運用與管理專設帳簿資產之投資型保單,2022-05-31,78940000.00,黃家珍,花旗(台灣)銀行
Chinalife_TFVS.pdf,Chinalife,TFVS,柏瑞 委託管 理帳 中國人壽 ,2022-05-31,33390000.00,MngName NF,花旗(台灣)銀行
Chinalife_TFWB.pdf,Chinalife,TFWB,中國人壽全權委託管理帳戶理,Date NF,AUM NF,MngName NF,Bank NF
Chinalife_TFWC.pdf,Chinalife,TFWC,中國人壽委託國泰投信主流趨勢全權委託管理帳戶（美元）,2022-05-31,85910000.00,粘逸尊,花旗銀行
Chinalife_TFWI.pdf,Chinalife,TFWI,霸菱綠色趨勢全權委託管理帳戶-中國人壽中國人壽委託霸菱投顧代為運用與管理專設帳簿資產之投資型保單,2022-05-31,57680000.00,紀晶心,彰化商業銀行
Chinalife_TFWP.pdf,Chinalife,TFWP,ProdName NF,Date NF,112440000.00,MngName NF,Bank NF
Chinalife_TFWQ.pdf,Chinalife,TFWQ,ProdName NF,Date NF,AUM NF,MngName NF,Bank NF
CNTrustLife_A001.pdf,CNTrustLife,A001,帳戶淨值走勢圖台灣人壽委託施羅德投信-美元投資帳戶(環球收益增值型,2022-05-31,14120000.00,陳雅真,中國信託商業銀行
CNTrustLife_A003.pdf,CNTrustLife,A003,帳戶資資台灣人壽 ,2022-05-31,23000000.00,陳彥璋,中國信託商業銀行
CNTrustLife_A004.pdf,CNTrustLife,A004,台灣人壽委託宏利投信 -台幣投資帳戶 (成長型 ),2022-05-31,1819000000.00,鄭安杰,中國信託商業銀行
CNTrustLife_A005.pdf,CNTrustLife,A005,台灣人壽委託宏利投信 -台幣投資帳戶 (價值型 ),2022-05-31,175000000.00,鄭安杰,中國信託商業銀行
CNTrustLife_A006.pdf,CNTrustLife,A006,台灣人壽委託宏利投信-精選積極型投資組合帳戶(一),2022-05-31,9160000.00,鄭安杰,中國信託商業銀行
CNTrustLife_A007.pdf,CNTrustLife,A007,台灣人壽委託宏利投信-精選成長型投資組合帳戶(一),2022-05-31,4720000.00,鄭安杰,中國信託商業銀行
CNTrustLife_A008.pdf,CNTrustLife,A008,台灣人壽委託宏利投信-精選平衡型投資組合帳戶( ㇐),Date NF,2530000.00,鄭安杰,中國信託商業銀行
CNTrustLife_A009.pdf,CNTrustLife,A009,台灣人壽委託富蘭克林華美(投信),2022-05-31,11030583,石宗民,中國信託商銀
CNTrustLife_A010.pdf,CNTrustLife,A010,帳戶資資台灣人壽 ,2022-05-31,3067025,蔡明佑,中國信託商業銀行
CNTrustLife_B001.pdf,CNTrustLife,B001,台灣人壽全權委託元大投信投資帳戶 -元滿人生組合 ,2022-05-31,99000000.00,胡訓方,華南商業銀行
CNTrustLife_CDIA01.pdf,CNTrustLife,CDIA01,台灣人壽委託宏利投信-積極型投資組合帳戶(一),Date NF,18910000.00,鄭安杰,中國信託商業銀行
CNTrustLife_CDIA02.pdf,CNTrustLife,CDIA02,台灣人壽委託宏利投信-平衡型投資組合帳戶(一),Date NF,8790000.00,鄭安杰,中國信託商業銀行
CNTrustLife_CDIA03.pdf,CNTrustLife,CDIA03,台灣人壽委託宏利投信-成長型投資組合帳戶(一),Date NF,11760000.00,鄭安杰,中國信託商業銀行
CNTrustLife_M001.pdf,CNTrustLife,M001,台灣人壽委託聯博投信投資帳戶-收益型(一),2022-05-31,8300000.00,陳怡君,中國信託商業銀行
CNTrustLife_M002.pdf,CNTrustLife,M002,台灣人壽委託資月,2022-05-31,8267284,張家智,中國信託商銀
CNTrustLife_M004.pdf,CNTrustLife,M004,人壽委託帳戶,2022-05-31,2539178.22,黃奕栩,中國信託
CNTrustLife_M005.pdf,CNTrustLife,M005,台灣人壽委託宏利投信 -台幣投資帳戶 (成長型 ),2022-05-31,1364000000.00,鄭安杰,中國信託商業銀行
CNTrustLife_M006.pdf,CNTrustLife,M006,台灣人壽委託宏利投信 -台幣投資帳戶 (價值型 ),2022-05-31,88000000.00,鄭安杰,中國信託商業銀行
CNTrustLife_M007.pdf,CNTrustLife,M007,台灣人壽委託富達投信投資帳戶 —環球多元入息型 (一),2022-05-31,3780000.00,洪翠霞,中國信託商業銀行
CNTrustLife_M008.pdf,CNTrustLife,M008,ProdName NF,2022-05-31,220270000.00,洪雅新,中國信託銀行
CNTrustLife_M009.pdf,CNTrustLife,M009,ProdName NF,2022-05-31,1840000.00,洪雅新,中國信託銀行
CNTrustLife_M010.pdf,CNTrustLife,M010,帳戶淨值走勢圖台灣人壽委託施羅德投信投資帳戶-環球多重配置型(美元),2022-05-31,5390000.00,莊志祥,中國信託銀行股份有限公司
CNTrustLife_M011.pdf,CNTrustLife,M011,帳戶淨值走勢圖台灣人壽委託施羅德投信投資帳戶-風險管理型(美元),2022-05-31,109260000.00,莊志祥,中國信託銀行股份有限公司
CNTrustLife_M012.pdf,CNTrustLife,M012,帳戶資資台灣人壽 ,2022-05-31,5760939,蔡明佑,中國信託商業銀行
CNTrustLife_M013.pdf,CNTrustLife,M013,帳戶資資台灣人壽 ,2022-05-31,1454000000.00,陳彥璋,中國信託
CNTrustLife_M014.pdf,CNTrustLife,M014,台灣人壽委託國泰投信投資帳戶,2022-05-31,2190110000.00,廖維苡,中國信託銀行
CNTrustLife_M015.pdf,CNTrustLife,M015,台灣人壽安鑫增益投資帳戶 (委託群益投信運用操作),2022-05-31,2738641470,朱哲均,中國信託銀行
CNTrustLife_M016.pdf,CNTrustLife,M016,台灣人壽委託國泰投信投資帳戶,2022-05-31,91700000.00,粘逸尊,彰化銀行
CNTrustLife_M017.pdf,CNTrustLife,M017,帳戶資資台灣人壽 ,2022-05-31,97740000.00,陳彥璋,中國信託商業銀行
CNTrustLife_M018.pdf,CNTrustLife,M018,帳戶淨值走勢圖台灣人壽委託施羅德投信投資帳戶-風險管理型(美元),2022-05-31,109260000.00,莊志祥,中國信託銀行股份有限公司
CNTrustLife_M019.pdf,CNTrustLife,M019,帳戶資資台灣人壽 ,2022-05-31,800361,蔡明佑,中國信託商業銀行
CNTrustLife_M020.pdf,CNTrustLife,M020,台灣人壽委託富達投信投資帳戶 -全球趨勢先機 (美元 ),2022-05-31,207910000.00,MngName NF,中國信託商業銀行
CNTrustLife_M021_1.pdf,CNTrustLife,M021_1,人壽委託帳戶,2022-05-31,148244492.25,陳秀宜,中國信託
CNTrustLife_M022.pdf,CNTrustLife,M022,台灣人壽委託國泰投信投資帳戶,2022-05-31,4690000.00,廖維苡,上海商業儲蓄銀行
CNTrustLife_XFL01.pdf,CNTrustLife,XFL01,台灣人壽委託富蘭克林華美(投信),2022-05-31,4367862,林育弘,中國信託商銀
CNTrustLife_XMI01.pdf,CNTrustLife,XMI01,台灣人壽委託本,2022-05-31,12400000.0,邱柏雅,中國信託商業銀行
CNTrustLife_XMI02.pdf,CNTrustLife,XMI02,台灣人壽委託本,2022-05-31,5200000.0,邱柏雅,中國信託商業銀行
CNTrustLife_XMI03.pdf,CNTrustLife,XMI03,台灣人壽委託本,2022-05-31,12700000.0,邱柏雅,中國信託商業銀行
Farglory_USDDA0001.pdf,Farglory,USDDA0001,遠雄人壽全權委託富蘭克林華美投信投資型商品投資專戶-環球穩健組合帳戶,2022-05-31,1974277,褚國廷,第一銀行
Farglory_USDDA0002.pdf,Farglory,USDDA0002,遠雄人壽全權委託富蘭克林華美投信投資型商品投資專戶-環球積極組合帳戶,2022-05-31,2200312,褚國廷,第一銀行
Farglory_USDDA0003.pdf,Farglory,USDDA0003,遠雄人壽全權委託富蘭克林投顧投資帳戶,2022-05-31,21056000.000,趙令凱,彰化商業銀行
Fubon_ACD1.pdf,Fubon,ACD1,本資富邦人壽全權委託投資帳戶,2022-05-31,62370000.00,陳怡君,台北富邦商業銀行
Fubon_ACD2.pdf,Fubon,ACD2,投資帳戶本資富邦人壽委託聯博投信收益全權委託投資帳戶,2022-05-31,339410000.00,陳怡君,台北富邦商業銀行
Fubon_ACD3.pdf,Fubon,ACD3,投資帳戶本資富邦人壽委託聯博投信收益全權委託投資帳戶,2022-05-31,339410000.00,陳怡君,台北富邦商業銀行
Fubon_ACD5.pdf,Fubon,ACD5,本資富邦人壽委託聯博投信全權委託投資帳戶,2022-05-31,8714690000.00,陳怡君,台北富邦商業銀行
Fubon_ACD6.pdf,Fubon,ACD6,本資富邦人壽委託聯博投信全權委託投資帳戶,2022-05-31,8714690000.00,陳怡君,台北富邦商業銀行
Fubon_DSD1.pdf,Fubon,DSD1,富邦人壽委託安聯投信–目標收益穩健組合月提解全權委託投資帳戶,2022-05-31,451000000,莊凱倫,台北富邦商業銀行
Fubon_DSD3.pdf,Fubon,DSD3,富邦人壽委託安聯投信優享退月提解全權委託投資帳戶-N級別,2022-05-31,4530000000,莊凱倫,台北富邦商業銀行
Fubon_DSD5.pdf,Fubon,DSD5,富邦人壽委託安聯投信優享退月提解全權委託投資帳戶-N級別,2022-05-31,4530000000,莊凱倫,台北富邦商業銀行
Fubon_DSD6.pdf,Fubon,DSD6,富邦人壽委託安聯投信優享退月提解全權委託投資帳戶-N1級別,2022-05-31,1365000000,莊凱倫,台北富邦商業銀行
Fubon_DSD7.pdf,Fubon,DSD7,富邦人壽委託安聯投信優享退月提解全權委託投資帳戶-N1級別,2022-05-31,1365000000,莊凱倫,台北富邦商業銀行
Fubon_FBD1.pdf,Fubon,FBD1,富邦人壽 月月豐利月提解 全權委託投資帳戶 ,2022-05-31,71870000.00,吳政哲,台北富邦商業銀行
Fubon_FBD12.pdf,Fubon,FBD12,富邦人壽委託富邦投信 -富多利月提解全權委託 ,2022-05-31,3481000000.00,周政義,台北富邦商業銀行
Fubon_FBD13.pdf,Fubon,FBD13,富邦人壽委託富邦投信 -富多利月提解全權委託 ,2022-05-31,3481000000.00,周政義,台北富邦商業銀行
Fubon_FBD15.pdf,Fubon,FBD15,富邦人壽委託富邦投信 -享富利全權委託投資帳戶 ,2022-05-31,84840000.00,粘瑞益,台北富邦商業銀行
Fubon_FBD2.pdf,Fubon,FBD2,富邦人壽委託富邦投信 -目標收益富利組合月提解全權委託投資帳戶 ,2022-05-31,33690000.00,粘瑞益,台北富邦商業銀行
Fubon_FBD3.pdf,Fubon,FBD3,富邦人壽委託富邦投信 -目標收益富利組合月提解全權委託投資帳戶 ,2022-05-31,33690000.00,粘瑞益,台北富邦商業銀行
Fubon_FBD6.pdf,Fubon,FBD6,富邦人壽 月月興利月提解 全權委託投資帳戶 ,2022-05-31,557560000.00,周政義,台北富邦商業銀行
Fubon_FBD7.pdf,Fubon,FBD7,富邦人壽 月月興利月提解 全權委託投資帳戶 ,2022-05-31,557560000.00,周政義,台北富邦商業銀行
Fubon_FBD8.pdf,Fubon,FBD8,富邦人壽 2028目標到期 全權委託投資帳戶 ,2022-05-31,6060000.00,粘瑞益,台北富邦商業銀行
Fubon_FDD1.pdf,Fubon,FDD1,富邦人壽委託富達投信 -享優利全權委託投資帳戶 (全權委託帳戶之資產撥回機制來源,2022-05-31,56450000.00,MngName NF,台北富邦商業銀行
Fubon_FRD1.pdf,Fubon,FRD1,投資組合富邦人壽月月收益月提解全權委託投資帳戶,2022-05-31,56142668,李欣展,台北富邦商業銀行
Fubon_FRD2.pdf,Fubon,FRD2,一年富邦人壽委託富蘭克林華美投信 - 目標收益優利組合月提解全權委託投資帳戶,2022-05-31,309986119,黃媺雯,台北富邦商業銀行
Fubon_FRD3.pdf,Fubon,FRD3,一年富邦人壽委託富蘭克林華美投信 - 目標收益優利組合月提解全權委託投資帳戶,2022-05-31,309986119,黃媺雯,台北富邦商業銀行
Fubon_FRD5.pdf,Fubon,FRD5,一年富邦人壽委託富蘭克林華美投信-華利3036收益目標全權委託投資帳戶,2022-05-31,66410011,林育弘,台北富邦商業銀行
Fubon_JFD1.pdf,Fubon,JFD1,富邦人壽委託摩根投信-目標收益多元組合月提解全權委託投資帳戶,2022-05-31,142170000.00,楊若萱,Bank NF
Fubon_JFD2.pdf,Fubon,JFD2,富邦人壽委託摩根投信-目標收益多元組合月提解全權委託投資帳戶,2022-05-31,142170000.00,楊若萱,Bank NF
Fubon_MLD1.pdf,Fubon,MLD1,富邦人壽委託貝萊德投信 –享倍利月提解全權委託投資帳戶,2022-05-31,455000000.00,謝明勳,台北富邦銀行
Fubon_MLD2.pdf,Fubon,MLD2,富邦人壽委託貝萊德投信 -鑫趨勢月提解全權委託投資帳戶,2022-05-31,544000000.00,謝明勳,台北富邦銀行
Fubon_MLD3.pdf,Fubon,MLD3,富邦人壽委託貝萊德投信 -鑫趨勢月提解全權委託投資帳戶,2022-05-31,544000000.00,謝明勳,台北富邦銀行
Fubon_PBD2.pdf,Fubon,PBD2,富邦人壽委託柏瑞投信 投資帳戶 -特別收益投資帳戶,2022-05-31,52130000.00,MngName NF,台北富邦商業銀行
Fubon_SCD1.pdf,Fubon,SCD1,富邦人壽年年富利目標報酬全權委託投資帳戶,2022-05-31,27090000.00,陳雅真,台北富邦商業銀行
Fubon_SCD2.pdf,Fubon,SCD2,富邦人壽月月富利月提解全權委託投資帳戶,2022-05-31,40540000.00,陳雅真,台北富邦商業銀行
Fubon_SCD3.pdf,Fubon,SCD3,富邦人壽委託施羅德投信-享得利全權委託投資帳戶-G級別,2022-05-31,284380000.00,陳雅真,台北富邦商業銀行
Fubon_SCD5.pdf,Fubon,SCD5,富邦人壽委託施羅德投信-享有利月提解全權委託投資帳戶-N級別,2022-05-31,157840000.00,陳雅真,台北富邦商業銀行
Fubon_SCD6.pdf,Fubon,SCD6,富邦人壽委託施羅德投信-享有利月提解全權委託投資帳戶-N級別,2022-05-31,157840000.00,陳雅真,台北富邦商業銀行
Fubon_SCD7.pdf,Fubon,SCD7,富邦人壽委託施羅德投信-享得利全權委託投資帳戶-G1級別,2022-05-31,212080000.00,陳雅真,台北富邦商業銀行
MLI_MBR00010.pdf,MLI,MBR00010,資人三商美邦人壽,2022-05-31,156940000.00,紀晶心,兆豐國際商業銀行
MLI_MBR00011.pdf,MLI,MBR00011,資人三商美邦人壽,2022-05-31,156940000.00,紀晶心,兆豐國際商業銀行
MLI_MBR00020.pdf,MLI,MBR00020,資委託人三商美邦人壽,2022-05-31,64950000.00,黃家珍,兆豐國際商業銀行
MLI_MBR00021.pdf,MLI,MBR00021,資委託人三商美邦人壽,2022-05-31,64950000.00,黃家珍,兆豐國際商業銀行
MLI_MDI00010.pdf,MLI,MDI00010,三商美邦人壽鑫穩健投資帳戶委託安聯投信,2022-05-31,7919000000,劉珉睿,兆豐國際商業銀行
MLI_MDI00010_1.pdf,MLI,MDI00010_1,三商美邦人壽鑫穩健投資帳戶委託安聯投信,2022-05-31,7919000000,劉珉睿,兆豐國際商業銀行
MLI_MDI00011.pdf,MLI,MDI00011,三商美邦人壽鑫穩健投資帳戶委託安聯投信,2022-05-31,7919000000,劉珉睿,兆豐國際商業銀行
MLI_MDI00011_1.pdf,MLI,MDI00011_1,三商美邦人壽鑫穩健投資帳戶委託安聯投信,2022-05-31,7919000000,劉珉睿,兆豐國際商業銀行
MLI_MFD00010.pdf,MLI,MFD00010,三商美邦人壽環球總報酬投資帳戶 -全權委託富達投信投資帳戶 (全權委託帳戶之資產,2022-05-31,1582460000.00,洪翠霞,兆豐國際商業銀行
MLI_MFD00011.pdf,MLI,MFD00011,三商美邦人壽環球總報酬投資帳戶 -全權委託富達投信投資帳戶 (全權委託帳戶之資產,2022-05-31,1582460000.00,洪翠霞,兆豐國際商業銀行
MLI_MFD00020.pdf,MLI,MFD00020,ProdName NF,2022-05-31,343370000.00,洪翠霞,中國信託商業銀行
MLI_MFD00021.pdf,MLI,MFD00021,ProdName NF,2022-05-31,343370000.00,洪翠霞,中國信託商業銀行
MLI_MFK00010.pdf,MLI,MFK00010,三商美邦人壽鑫收益投資帳戶,2022-05-31,78743000.000,趙令凱,兆豐國際商業銀行
MLI_MFK00011.pdf,MLI,MFK00011,三商美邦人壽鑫收益投資帳戶,2022-05-31,78743000.000,趙令凱,兆豐國際商業銀行
MLI_MFN00010.pdf,MLI,MFN00010,投資組合三商美邦人壽環球安穩投資帳戶-全權委託富蘭克林華美投信投資帳戶,2022-05-31,13324106,謝濟帆,兆豐國際商銀
MLI_MFN00020.pdf,MLI,MFN00020,一年三商美邦人壽環球積極投資帳戶-全權委託富蘭克林華美投信投資帳戶,2022-05-31,6671043,謝濟帆,兆豐國際商銀
MLI_MFN00030.pdf,MLI,MFN00030,一年三商美邦人壽環球平衡投資帳戶全權委託富蘭克林華美投信投資帳戶,2022-05-31,7476349,石宗民,兆豐國際商銀
MLI_MFN00031.pdf,MLI,MFN00031,一年三商美邦人壽環球平衡投資帳戶全權委託富蘭克林華美投信投資帳戶,2022-05-31,7476349,石宗民,兆豐國際商銀
MLI_MHY00010.pdf,MLI,MHY00010,資委託人三商美邦人壽用,2022-05-31,18209144.06,游韋立,兆豐國際商業銀行
MLI_MHY00011.pdf,MLI,MHY00011,資委託人三商美邦人壽用,2022-05-31,18209144.06,游韋立,兆豐國際商業銀行
MLI_MHY00020.pdf,MLI,MHY00020,資委託人三商美邦人壽用,2022-05-31,2765923.90,游韋立,兆豐國際商業銀行
MLI_MHY00021.pdf,MLI,MHY00021,資委託人三商美邦人壽用,2022-05-31,2765923.90,游韋立,兆豐國際商業銀行
MLI_MNN00010.pdf,MLI,MNN00010,三商美邦人壽十全十美動態配置投資帳戶 -全權委託野村投,2022-05-31,59210403.03,李雅婷,Bank NF
MLI_MNN00011.pdf,MLI,MNN00011,三商美邦人壽十全十美動態配置投資帳戶 -全權委託野村投,2022-05-31,59210403.03,李雅婷,Bank NF
MLI_MSC00010.pdf,MLI,MSC00010,投資月報三商美邦人壽委託施羅德投信投資帳戶-環球365投資帳戶,2022-05-31,4050000.00,莊志祥,兆豐國際商業銀行
MLI_MSC00011.pdf,MLI,MSC00011,投資月報三商美邦人壽委託施羅德投信投資帳戶-環球365投資帳戶,2022-05-31,4050000.00,莊志祥,兆豐國際商業銀行
MLI_MSN00010.pdf,MLI,MSN00010,三商美邦人壽精選保守型投資帳戶 －全權委託復華投信投資帳戶 ,2022-05-31,212921550,簡沄宜,Bank NF
MLI_MSN00020.pdf,MLI,MSN00020,三商美邦人壽精選穩健型投資帳戶 －全權委託復華投信投資帳戶 ,2022-05-31,337455616,簡沄宜,Bank NF
MLI_MSN00030.pdf,MLI,MSN00030,三商美邦人壽精選積極型投資帳戶 －全權委託復華投信投資帳戶 ,2022-05-31,109592466,簡沄宜,Bank NF
MLI_MSN00050.pdf,MLI,MSN00050,三商美邦人壽中港台股金利 High投資帳戶－全權委託復華投信投資帳戶 ,2022-05-31,185046606,陳泳如,Bank NF
MLI_MSN00060.pdf,MLI,MSN00060,三商美邦人壽全球景氣循環投資帳戶 －全權委託復華投信投資帳戶 ,2022-05-31,291300371,陳泳如,Bank NF
MLI_MSN00070.pdf,MLI,MSN00070,三商美邦人壽全球優勢組合投資帳戶－全權委託復華投信投資帳戶 ,2022-05-31,232828442,陳泳如,Bank NF
MLI_MSN00080.pdf,MLI,MSN00080,三商美邦人壽全資產投資帳戶 全權委託復華投信投資帳戶 ,2022-05-31,504026216,陳泳如,Bank NF
MLI_MSN00081.pdf,MLI,MSN00081,三商美邦人壽全資產投資帳戶 全權委託復華投信投資帳戶 ,2022-05-31,504026216,陳泳如,Bank NF
MLI_MSN00090.pdf,MLI,MSN00090,三商美邦人壽三投資帳戶 全權委託復華投信投資帳戶 ,2022-05-31,62409590,蔡其佐,Bank NF
MLI_MSN00091.pdf,MLI,MSN00091,三商美邦人壽三投資帳戶 全權委託復華投信投資帳戶 ,2022-05-31,62409590,蔡其佐,Bank NF
MLI_MSN00100.pdf,MLI,MSN00100,三商美邦人壽新臺幣永續豐收投資帳戶 －全權委託復華投信投資帳戶 ,2022-05-31,43537804,朱展志,Bank NF
MLI_MSY00010.pdf,MLI,MSY00010,三商美邦人壽寰宇保守型投資帳戶 －全權委託復華投信投資帳戶 ,2022-05-31,2317267.00,簡沄宜,Bank NF
MLI_MSY00020.pdf,MLI,MSY00020,三商美邦人壽寰宇穩健型投資帳戶 －全權委託復華投信投資帳戶 ,2022-05-31,5595537.61,簡沄宜,Bank NF
MLI_MSY00030.pdf,MLI,MSY00030,三商美邦人壽寰宇積極型投資帳戶 －全權委託復華投信投資帳戶 ,2022-05-31,AUM NF,簡沄宜,Bank NF
MLI_MSY00040.pdf,MLI,MSY00040,三商美邦人壽投資帳戶 全權委託復華投信投資帳戶 ,2022-05-31,13143261.18,許家瑝,Bank NF
MLI_MSY00080.pdf,MLI,MSY00080,三商美邦人壽股收益投資帳戶 全權委託復華投信投資帳戶 ,2022-05-31,18945429.85,蔡其佐,Bank NF
MLI_MSY00082.pdf,MLI,MSY00082,三商美邦人壽股收益投資帳戶 全權委託復華投信投資帳戶 ,2022-05-31,18945429.85,蔡其佐,Bank NF
NanShanLife_MBD.pdf,NanShanLife,MBD,南山人壽委託帳戶 ,2022-05-31,18698000.000,陳秀宜,花旗銀行
NanShanLife_WAX.pdf,NanShanLife,WAX,南山人壽委託復華投信投資帳戶 -新臺幣精選平衡型 (現金撥回 ),2022-05-31,48829000000.00,朱展志,花旗(台灣)商業銀行
NanShanLife_WAY.pdf,NanShanLife,WAY,南山人壽委託復華投信投資帳戶 -美元精選平衡型 (現金撥回 ),2022-05-31,325320000.00,朱展志,花旗(台灣)商業銀行
pcalife_TFIL.pdf,pcalife,TFIL,保誠人壽全球穩定收益分配帳戶,2022-05-31,30760000.00,莊志祥,渣打銀行
pcalife_TFKE.pdf,pcalife,TFKE,保誠人壽全權委託宏利投信人民幣投資帳戶 -月撥回暨累積型,2022-05-31,1683040000.00,鄭安杰,Bank NF
pcalife_TFKF.pdf,pcalife,TFKF,保誠人壽全權委託宏利投信人民幣投資帳戶 -月撥回暨累積型,2022-05-31,1683040000.00,鄭安杰,Bank NF
pcalife_TFKG.pdf,pcalife,TFKG,保誠人壽全權委託富蘭克林華美投信投資帳戶-新臺幣股債平衡收益帳戶,2022-05-31,3608936033,黃媺雯,渣打國際商業銀行
pcalife_TFKY.pdf,pcalife,TFKY,保誠人壽全權委託富達投信投資帳戶,2022-05-31,123850000.00,MngName NF,渣打國際商業銀行
pcalife_TFLA.pdf,pcalife,TFLA,保誠人壽全權委託宏利投信投資帳戶-亞洲亮點收益帳戶,2022-05-31,3148590000.00,鄭安杰,Bank NF
pcalife_TFMW.pdf,pcalife,TFMW,資委託人保誠人壽,2022-05-31,369830000.00,黃家珍,渣打國際商業銀行
pcalife_TFRQ.pdf,pcalife,TFRQ,資委託人保誠人壽,2022-05-31,10300000.00,黃家珍,渣打國際商業銀行
pcalife_TFXD.pdf,pcalife,TFXD,ProdName NF,2022-05-31,7600000.00,金潔妮,渣打銀行
pcalife_TFYU.pdf,pcalife,TFYU,資委託人保誠人壽,2022-05-31,80000.00,黃家珍,渣打國際商業銀行
SKL_A016.pdf,SKL,A016,一年新光人壽投資型保險商品得利富貴投資帳戶全權委託富蘭克林華美投信投資帳戶,2022-05-31,23064228,褚國廷,新光銀行
SKL_A017.pdf,SKL,A017,投資組合新光人壽投資型保險商品鑫富貴投資帳戶全權委託富蘭克林華美投信投資帳戶,2022-05-31,20087100,李欣展,新光銀行
SKL_A018.pdf,SKL,A018,投資組合新光人壽投資型保險商品鑫富發投資帳戶全權委託富蘭克林華美投信投資帳戶,2022-05-31,22757955,褚國廷,新光銀行
SKL_A028.pdf,SKL,A028,投資組合新光人壽投資型保險商品鑫經典投資帳戶全權委託富蘭克林華美投信投資帳戶,2022-05-31,2069722,石宗民,新光銀行
SKL_D027.pdf,SKL,D027,ProdName NF,2022-05-31,62120000.00,MngName NF,新光商業銀行
SKL_D028.pdf,SKL,D028,ProdName NF,2022-05-31,14320000.00,MngName NF,新光商業銀行
SKL_K014.pdf,SKL,K014,ProdName NF,2022-05-31,38000000,MngName NF,Bank NF
SKL_K015.pdf,SKL,K015,ProdName NF,Date NF,AUM NF,MngName NF,Bank NF
SKL_K016.pdf,SKL,K016,ProdName NF,2022-05-31,8470000.00,MngName NF,Bank NF
SKL_K017.pdf,SKL,K017,ProdName NF,Date NF,AUM NF,MngName NF,Bank NF
SKL_K020.pdf,SKL,K020,ProdName NF,2022-05-31,36190000.00,MngName NF,Bank NF
SKL_K021.pdf,SKL,K021,ProdName NF,2022-05-31,192000000.00,MngName NF,Bank NF
SKL_K025.pdf,SKL,K025,ProdName NF,Date NF,AUM NF,MngName NF,Bank NF
SKL_K026.pdf,SKL,K026,ProdName NF,2022-05-31,117000000.00,MngName NF,Bank NF
SKL_M005.pdf,SKL,M005,新光人壽投資型保險商品成長收益投資帳戶全權委託元大投信投資帳戶 ,2022-05-31,562000000.00,王紹宇,臺灣新光商業銀行
SKL_Q004.pdf,SKL,Q004,新光人壽保險股份有限公司委託復華證券投,2022-05-31,12490000.00,MngName NF,Bank NF
SKL_Q005.pdf,SKL,Q005,新光人壽保險股份有限公司委託復,2022-05-31,1800000.00,MngName NF,Bank NF
taishinlife_A0021_1.pdf,taishinlife,A0021_1,台新人壽投資型保險商品成長型投資帳戶 ,2022-05-31,2576316.18,劉敏俐,Bank NF
taishinlife_FF001.pdf,taishinlife,FF001,台新人壽全新勢力投資帳戶(委託台新投信運用操作),2022-05-31,116280000,邱櫂詮,台新國際商業銀行信託部
taishinlife_FF002.pdf,taishinlife,FF002,台新人壽全新勢力帳戶(委託台新投信運用操作),2022-05-31,19330000,邱櫂詮,台新國際商業銀行信託部
taishinlife_NVA23_1.pdf,taishinlife,NVA23_1,台新人壽投資型保單穩健收益型投資帳戶 ,2022-05-31,14242765.77,毛宗毅,Bank NF
taishinlife_PDI01_1.pdf,taishinlife,PDI01_1,台新人壽投資型保單固定收益帳戶 ,2022-05-31,123387135.54,張世民,Bank NF
taishinlife_V201T_1.pdf,taishinlife,V201T_1,台新人壽投資型保單多元投資帳戶 ,2022-05-31,3108296.65,劉敏俐,Bank NF
TCB_DMA003.pdf,TCB,DMA003,合作金庫人壽環球穩健投資帳戶(委託聯博投信運用操作),2022-05-31,40813219,陳怡君,合作金庫銀行
TCB_DMA004.pdf,TCB,DMA004,合作金庫人壽環球穩健投資帳戶(委託聯博投信運用操作),2022-05-31,40813219,陳怡君,合作金庫銀行
TCB_DMA005.pdf,TCB,DMA005,合作金庫人壽環球穩健投資帳戶(委託富蘭克林華美投信運用操作),2022-05-31,37933896,李欣展,合庫銀行
TCB_DMA006.pdf,TCB,DMA006,合作金庫人壽環球穩健投資帳戶(委託富蘭克林華美投信運用操作),2022-05-31,37933896,李欣展,合庫銀行
TCB_DMA007.pdf,TCB,DMA007,合作金庫人壽 澳幣環球穩健 投資帳戶委託合庫投信操作 ,2022-05-31,55900000.00,王慎中,Bank NF
TCB_DMA008.pdf,TCB,DMA008,合作金庫人壽 澳幣環球穩健 投資帳戶委託合庫投信操作 ,2022-05-31,55900000.00,王慎中,Bank NF
TCB_DMA009.pdf,TCB,DMA009,合庫人壽新臺幣環球穩健投資帳戶 (委託復華投信運用操作 ),2022-05-31,5845000000.00,許家瑝,Bank NF
TCB_DMA010.pdf,TCB,DMA010,合庫人壽新臺幣環球穩健投資帳戶 (委託復華投信運用操作 ),2022-05-31,5845000000.00,許家瑝,Bank NF
TCB_DMA011.pdf,TCB,DMA011,合作金庫人壽 新臺幣環球穩健 投資帳戶委託合庫投信操作 ,2022-05-31,1935800000.00,王慎中,Bank NF
TCB_DMA012.pdf,TCB,DMA012,合作金庫人壽 新臺幣環球穩健 投資帳戶委託合庫投信操作 ,2022-05-31,1935800000.00,王慎中,Bank NF
TCB_DMA013.pdf,TCB,DMA013,合作金庫人壽人民幣環球穩健投資帳戶 (委託群益投信運用操作),2022-05-31,21000000.00,葉啟芳,合作金庫商業銀行
TCB_DMA014.pdf,TCB,DMA014,合作金庫人壽人民幣環球穩健投資帳戶 (委託群益投信運用操作),2022-05-31,21000000.00,葉啟芳,合作金庫商業銀行
TCB_DMA015.pdf,TCB,DMA015,合作金庫人壽 新臺幣全球平衡 投資帳戶委託合庫投信操作 ,2022-05-31,331480000.00,王慎中,Bank NF
TCB_DMA016.pdf,TCB,DMA016,合作金庫人壽 新臺幣全球平衡 投資帳戶委託合庫投信操作 ,2022-05-31,331480000.00,王慎中,Bank NF
TCB_DMA017.pdf,TCB,DMA017,合作金庫人壽新臺幣環球穩健投資帳戶(委託安聯投信運用操作),2022-05-31,924000000,蔡正元,合作金庫商業銀行
TCB_DMA018.pdf,TCB,DMA018,合作金庫人壽新臺幣環球穩健投資帳戶(委託安聯投信運用操作),2022-05-31,924000000,蔡正元,合作金庫商業銀行
TCB_DMA019.pdf,TCB,DMA019,合作金庫人壽 環球穩健 投資帳戶委託合庫投信操作 ,2022-05-31,566100.0000,何鴻聖,Bank NF
TCB_DMA020.pdf,TCB,DMA020,合作金庫人壽 環球穩健 投資帳戶委託合庫投信操作 ,2022-05-31,566100.0000,何鴻聖,Bank NF
TCB_DMA023.pdf,TCB,DMA023,合作金庫人壽全球資產投資帳戶 (委託富達投信運用操作 ),2022-05-31,9780000.00,洪翠霞,合作金庫商業銀行
TCB_DMA024.pdf,TCB,DMA024,合作金庫人壽全球資產投資帳戶 (委託富達投信運用操作 ),2022-05-31,9780000.00,洪翠霞,合作金庫商業銀行
TCB_DMA025.pdf,TCB,DMA025,合作金庫人壽合庫標普樂活安養穩健型投資帳戶 (委託合庫投信運用操作 ),2022-05-31,9800000.0,何鴻聖,Bank NF
TCB_DMA026.pdf,TCB,DMA026,合作金庫人壽合庫標普樂活安養穩健型投資帳戶 (委託合庫投信運用操作 ),2022-05-31,12530000.00,何鴻聖,Bank NF
TCB_DMA030.pdf,TCB,DMA030,合庫人壽創新趨勢動態平衡投資帳戶 (委託中國信託投信運用操作 ),2022-05-31,91400000.0,MngName NF,Bank NF
Transglobe_CAM01.pdf,Transglobe,CAM01,全球人壽優選樂退投資帳戶 (委託群益投信運用操作),2022-05-31,1905502569,朱哲均,台新銀行
Transglobe_FRT01.pdf,Transglobe,FRT01,全球人壽全權委託富蘭克林華美投信投資帳戶-全球平衡穩健帳戶,2022-05-31,289485,李欣展,第一銀行
Transglobe_FRT02.pdf,Transglobe,FRT02,全球人壽全權委託富蘭克林華美投信投資帳戶-新興平衡成長帳戶,2022-05-31,267371,李欣展,第一銀行
Transglobe_SIC01.pdf,Transglobe,SIC01,ProdName NF,2022-05-31,47163796,邱婉美,花旗銀行
Transglobe_SIC02.pdf,Transglobe,SIC02,ProdName NF,2022-05-31,5187496,邱婉美,花旗銀行
twfhclife_GPNTD00001.pdf,twfhclife,GPNTD00001,臺銀人壽委託復華投信投資帳戶 -新臺幣精選平衡型 ,2022-05-31,3827000000.00,簡沄宜,Bank NF
twfhclife_GPNTD00002.pdf,twfhclife,GPNTD00002,臺銀人壽委託野村投信投資帳戶－ 新臺幣大聯盟平衡 型,2022-05-31,1610000000.0,洪雅新,Bank NF
twfhclife_GPUSD00001.pdf,twfhclife,GPUSD00001,臺銀人壽委託國泰投信投資帳戶 -,2022-05-31,69060000.00,邱婉春,臺灣銀行
twfhclife_GPUSD00002.pdf,twfhclife,GPUSD00002,臺銀人壽委託國泰投信投資帳戶 -,2022-05-31,69060000.00,邱婉春,臺灣銀行
yuantalife_MDTWD0001.pdf,yuantalife,MDTWD0001,元大人壽全權委託元大投信投資帳戶 -ESG永續成長 (月撥回 ),2022-05-31,31508000000.00,廖中維,元大商業銀行
